epoch,qual_obs_rmse,qual_obs_corrcoef,qual_obs_coefdet,qual_site_rmse,qual_site_corrcoef,qual_site_coefdet,qual_anomaly_rmse,qual_anomaly_corrcoef,qual_anomaly_coefdet,poor_obs_rmse,poor_obs_corrcoef,poor_obs_coefdet,poor_site_rmse,poor_site_corrcoef,poor_site_coefdet,poor_anomaly_rmse,poor_anomaly_corrcoef,poor_anomaly_coefdet
50,39.94676890209267,0.4138958990002288,0.11506345214890745,31.171936769759316,0.2940275255129773,-6.09680436809935,29.90313903681635,0.5068811870931546,-7.873608188854936,39.298374035016444,0.41173369390496306,0.09944964421959046,32.051328926864315,0.2608593391843244,-6.129381030614115,29.2812390551421,0.4921955986008619,-6.326503316151492
