epoch,qual_obs_rmse,qual_obs_corrcoef,qual_obs_coefdet,qual_site_rmse,qual_site_corrcoef,qual_site_coefdet,qual_anomaly_rmse,qual_anomaly_corrcoef,qual_anomaly_coefdet,poor_obs_rmse,poor_obs_corrcoef,poor_obs_coefdet,poor_site_rmse,poor_site_corrcoef,poor_site_coefdet,poor_anomaly_rmse,poor_anomaly_corrcoef,poor_anomaly_coefdet
50,39.94676890209267,0.4138958990002288,0.1150634521489074,31.171936769759316,0.2940275255129773,-6.09680436809935,29.90313903681635,0.5068811870931546,-7.873608188854936,39.29837403501645,0.411733693904963,0.0994496442195904,32.051328926864315,0.2608593391843244,-6.129381030614115,29.2812390551421,0.4921955986008619,-6.326503316151492
1,78.38993648490201,-0.0392469393442117,-2.407763466646478,73.53594678797076,-0.0756687425747372,-372.3598121965034,33.762429125937935,0.034278744973059,-101.68558353740848,79.00688447394207,-0.0543797290388246,-2.639893787489037,73.18798928889181,0.0086311943552797,-450.01924695610774,33.22080572251684,0.0002388017962877,-96.1635427344781
2,45.71102159584803,0.025870138443242503,-0.15875246885813943,34.70640610115479,0.012509833795574193,-63.10075005663555,33.75343706310319,0.04784323405405526,-72.55740273440414,44.368549804645,0.01063583740228596,-0.14791387760157426,35.642270891038606,0.05784681236995746,-100.79668389669254,33.21397713246862,0.019946985375235756,-67.3065078813564
