epoch,qual_obs_rmse,qual_obs_corrcoef,qual_obs_coefdet,qual_site_rmse,qual_site_corrcoef,qual_site_coefdet,qual_anomaly_rmse,qual_anomaly_corrcoef,qual_anomaly_coefdet,poor_obs_rmse,poor_obs_corrcoef,poor_obs_coefdet,poor_site_rmse,poor_site_corrcoef,poor_site_coefdet,poor_anomaly_rmse,poor_anomaly_corrcoef,poor_anomaly_coefdet
50,39.94676890209267,0.4138958990002288,0.1150634521489074,31.171936769759316,0.2940275255129773,-6.09680436809935,29.90313903681635,0.5068811870931546,-7.873608188854936,39.29837403501645,0.411733693904963,0.0994496442195904,32.051328926864315,0.2608593391843244,-6.129381030614115,29.2812390551421,0.4921955986008619,-6.326503316151492
1,78.38993648490201,-0.0392469393442117,-2.407763466646478,73.53594678797076,-0.0756687425747372,-372.3598121965034,33.762429125937935,0.034278744973059,-101.68558353740848,79.00688447394207,-0.0543797290388246,-2.639893787489037,73.18798928889181,0.0086311943552797,-450.01924695610774,33.22080572251684,0.0002388017962877,-96.1635427344781
2,45.71102159584803,0.0258701384432425,-0.1587524688581394,34.70640610115479,0.0125098337955741,-63.10075005663555,33.75343706310319,0.0478432340540552,-72.55740273440414,44.368549804645,0.0106358374022859,-0.1479138776015742,35.642270891038606,0.0578468123699574,-100.79668389669254,33.21397713246862,0.0199469853752357,-67.3065078813564
1,968.9034108291283,0.0137460124069891,-519.606740851322,970.257742252682,-0.0223762322847329,-2140.352421345472,43.794028410489574,-0.0065659683927793,-1.4935926299367392,970.1989835202792,0.021568102650184,-547.8838707033331,970.047863708534,0.0233472103660002,-2681.6207033590413,43.04822011632378,-0.005739317932046,-1.4694170842782306
2,216.6972578278839,0.027378520918117138,-25.04087955336762,208.84876729231456,0.03665715546688138,-32.83206153542832,54.10633256941474,-0.016406513716083062,-0.6778519624211488,216.37468712337804,0.04462472632418835,-26.300571857907922,210.02124590961316,0.11726931725080784,-39.164034415015514,53.1664159936152,-0.013918450478520328,-0.6662179758721272
