,obs (quality),site (quality),anomaly (quality),obs (poor),site (poor),anomaly (poor)
0,49.43142349381167,34.08121012322379,35.780593944590436,52.07466825979298,43.4936593784074,32.078594501672896
1,-0.06481124323970298,-0.056800154139996575,-0.020898217176832393,-0.08151919682775118,-0.09492991455881458,-0.080710689300477
2,-0.4753567973826369,-50.64796112348699,-247.33428275645153,-0.5216660024867628,-62.74834698753667,-249.89438199875374
