,obs (quality),site (quality),anomaly (quality),obs (poor),site (poor),anomaly (poor)
0,38.83978347835052,25.267085397343013,29.292050243238712,42.96033617597429,35.33852574803173,29.06525091913366
1,0.5328072902342065,0.33066142200372867,0.6217607115117638,0.33436759674906225,0.1815951524699865,0.47563507805191774
2,0.0891551063785666,-0.04759300358535268,0.10721034661072015,-0.03562292595353456,-1.3904571717159886,-0.6135346989195105
