,obs (quality),site (quality),anomaly (quality),obs (poor),site (poor),anomaly (poor)
0,36.788697297919065,21.7808299313614,29.437032574685762,46.41107912738219,40.2075532521513,30.14827352818923
1,0.6022419023618395,0.5160078278152325,0.6626850647513752,0.24102143021365785,0.046149370150595344,0.4105156905312489
2,0.25223754796083386,0.24449169947708105,0.060857969525300315,-0.21734026323813604,-1.2095212536166793,-1.098825554139868
