,obs (quality),site (quality),anomaly (quality),obs (poor),site (poor),anomaly (poor)
0,39.80628784620106,26.141221589205458,28.58568306017582,43.995671878085304,35.26089091783223,30.695749800513326
1,0.49024151808113864,0.2479632481986204,0.6249569150955839,0.2977732754981816,0.1744235246424023,0.38023152768826485
2,0.04325943984030245,-0.1885224583567433,0.01324583985167782,-0.08614103640021797,-1.3333667995482004,-1.1914295470930245
