,obs (quality),site (quality),anomaly (quality),obs (poor),site (poor),anomaly (poor)
0,47.37613553568116,35.27208293122462,30.608321032157438,44.52386880966344,39.2968939533831,30.55271586335232
1,0.3644021220566226,0.28883449063218447,0.5237856326481616,0.24875543382362586,0.1730638813797377,0.3055955561083089
2,-0.355220906028916,-0.07462010656117712,-0.862575348653227,-0.11237726095743805,-0.7471574262469665,-4.172472023959129
