,obs (quality),site (quality),anomaly (quality),obs (poor),site (poor),anomaly (poor)
0,41.23188326871706,19.584624247941633,35.68383714753504,43.62097569276741,32.75268711319282,31.895805043320525
1,0.13752391131382016,0.2733529080493542,-0.05115770360675092,-0.02401933011380616,-0.015745384969867767,-0.06810000197578579
2,-0.026495786304853386,-12.442863367990817,-7908.704269815069,-0.06771922985401146,-28.421753643723807,-3085.401273208629
